 Joaquin,Ilbert,tromey@verizon.net,9,B.Tech Prod,8333599771,"75, Ujwal Society, Devika Chowk Nashik - 447426"
Ava,Kakeru,darin@msn.com,2,BE Textile,8850629570,"91, Deccan Gymkhana, Jamnagar - 294322"
Gerardo,Bakunin,gordonjcp@outlook.com,8,ME Elect,7409026835,"53, Goregaon, Kolkata - 117727"
Isaac,Cordel,akoblin@sbcglobal.net,6,BSc IT,9133279776,"48, Yeshwanthpura, Ludhiana - 124216"
Karlie,Caspers,markjugg@msn.com,7,BE Civil,8515206046,"56, Borivali, Indore - 112130"
Hector,Mandie,vganesh@sbcglobal.net,1,M.E. Comps,9423097426,"29, Kushal Heights, Kharadi Ratlam - 581227"
Landyn,Pisano,mahbub@outlook.com,9,B.Tech Prod,7430249677,"33, Chinchwad, Ahmedabad - 303038"
Payton,Iasus,fallorn@outlook.com,4,BE Textile,9730041362,"96, Nirmal Society, ChhaviGunj Bikaner - 453869"
Avery,Chastel,hahiss@msn.com,10,ME Elect,7465225668,"26, Deccan Gymkhana, Raipur - 559447"
Kody,Casandra,chaffar@comcast.net,10,MCA,7862787542,"73, Virar, Agra - 393955"
Jaeden,Patter,rtanter@icloud.com,8,M.Tech Mech,7196738668,"10, Runjhun Apartments, AnushaGunj Noida - 478453"
Jessie,Merino,tbmaddux@msn.com,9,B.E.EXTC,8003708635,"31, Qabool Heights, VikrantPur Surat - 318048"
Hanna,Delveccio,jgoerzen@yahoo.com,8,BSc IT,7506492095,"96, Leela Villas, Hinjewadi Kochi - 333329"
Evan,Berber,ralamosm@outlook.com,9,BE Civil,7077061737,"11, Malad, Bhopal - 575341"
Miracle,Akihito,lstein@mac.com,0,M.E. Comps,8010509477,"99, Mitesh Apartments, Yeshwanthpura Bikaner - 259448"
Ezekiel,Pavonis,aardo@yahoo.ca,8,B.Tech Prod,7698409242,"70, AjeetPur, Pune - 500723"
Emery,Viviane,wortmanj@msn.com,3,BE Textile,7764767315,"26, Borivali, Delhi - 265014"
Courtney,Saladin,samavati@me.com,3,ME Elect,8994453383,"20, Chandpole, Kochi - 185334"
Rosa,Enke,gommix@outlook.com,0,MCA,9873838808,"56, Hemendra Heights, ChinmayPur Guwahati - 323170"
Estrella,Palomo,jrkorson@yahoo.com,2,M.Tech Mech,9892769883,"39, SatishGunj, Lucknow - 157973"
Zaria,Leavey,mobileip@aol.com,5,B.E.EXTC,9945492866,"70, Prerna Heights, AishaPur Chandigarh - 209310"
Camron,Vana,froodian@hotmail.com,10,BSc IT,8173430216,"89, Ganesh Villas, Mansarovar Kota - 450228"
Carlee,Zelos,pedwards@verizon.net,5,BE Civil,7280605065,"37, Kalyan Apartments, Andheri Warangal - 250574"
Wesley,Roseman,scottzed@hotmail.com,2,M.E. Comps,7250557647,"94, Tanay Heights, KaminiGarh Rajkot - 134363"
Krystal,Badham,vertigo@att.net,10,B.Tech Prod,9925460419,"17, Churchgate, Thiruvananthapuram - 552882"
Teagan,Mckinney,dowdy@sbcglobal.net,8,BE Textile,7804999339,"86, Ekbal Heights, Hadapsar Thiruvananthapuram - 360170"
Gisselle,Freeh,tellis@icloud.com,8,ME Elect,7676209919,"59, Fakaruddin Heights, Mansarovar Kota - 181864"
Reginald,Sharples,lamprecht@icloud.com,5,B.E.EXTC,8888535766,"22, Labeen Society, Kormangala Jammu - 327441"
Maddison,Aric,chrisk@sbcglobal.net,4,BSc IT,8067513245,"14, Chinchwad, New Delhi - 410590"
Madeline,Sanna,quantaman@sbcglobal.net,9,BE Civil,8670301172,"38, Andheri, Chandigarh - 356323"
Fabian,Dalek,scarlet@outlook.com,1,M.E. Comps,9486283812,"37, Arjun Society, Yeshwanthpura Udaipur - 521232"
Jayvon,Nimnul,liedra@me.com,10,B.Tech Prod,9677308332,"67, Hinjewadi, Mysore - 194811"
Zoey,Felps,mrobshaw@mac.com,4,BE Textile,7480572162,"58, FakaruddinGarh, Faridabad - 352827"
Kenneth,Taniyama,padme@verizon.net,10,ME Elect,9089976721,"59, Yeshwanthpura, Ajmer - 207726"
Tyrese,Creber,emmanuel@verizon.net,10,BE Textile,7105441842,"90, Nitika Villas, YasminGarh Kolkata - 137496"
Silas,Dimande,kodeman@icloud.com,5,ME Elect,7038266382,"82, Zara Society, Tanuja Chowk Jodhpur - 169199"
Judith,Darcie,msloan@optonline.net,3,B.Tech Prod,8245083238,"32, Mitesh Apartments, Yeshwanthpura Ratlam - 419573"
Karen,Withey,chronos@icloud.com,0,BE Textile,7221251994,"88, Hadapsar, Surat - 151101"
Elsie,Miramoto,portele@comcast.net,3,ME Elect,7424457551,"91, Hanuman Heights, Cyber City Gurgaon - 337834"
Evangeline,Majere,noticias@yahoo.com,0,BSc IT,7830882990,"13, Model Town, Hisar - 176543"
Solomon,Nereus,durist@me.com,7,BE Civil,8912340937,"50, Gauransh Heights, MridulaPur Trichy - 327669"
Athena,Lokisdottir,leviathan@outlook.com,1,M.E. Comps,7230095510,"45, Churchgate, Faridabad - 552772"
Sariah,Voerman,redingtn@optonline.net,10,B.Tech Prod,8378518846,"17, Kalpit Villas, Kormangala Kochi - 568739"
Charles,Valentia,mstrout@verizon.net,3,BE Textile,8991752829,"98, Qabool Villas, Aundh Ahmedabad - 417905"
Laila,Skerritt,floxy@sbcglobal.net,2,ME Elect,7198152417,"53, Aabha Villas, Satishwar Nagar Chennai - 437632"
Rory,Cybil,jaffe@att.net,1,M.Tech Mech,7366305679,"48, Raghavan Heights, AnjanaGarh Surat - 522892"
Terry,Camerons,scato@comcast.net,2,B.E.EXTC,9317551131,"20, RakhiGarh, Jamnagar - 288160"
Valentin,Hasselbeck,treeves@mac.com,7,BSc IT,7429796052,"40, Nawab,  Society, Pushpa Nagar Agra - 502691"
Tyshawn,Renk,skajan@icloud.com,0,BE Civil,9735960440,"91, AayushmanGunj, Pondicherry - 267714"
Anabelle,Gries,dalamb@aol.com,3,M.E. Comps,9369336613,"56, Monin Villas, Cyber City Kochi - 555248"
Jimmy,Comedia,smpeters@mac.com,1,B.Tech Prod,9674381647,"55, HrishikeshGunj, Patna - 237969"
Shirley,Aitsuji,njpayne@att.net,9,BE Textile,8954190370,"34, Pushpa Heights, Chandpole Noida - 515040"
Skyler,Kurth,dieman@sbcglobal.net,1,ME Elect,8326638517,"73, Aditi Nagar, Hisar - 576826"
Kiara,Hamme,ebassi@live.com,10,B.Tech Prod,7296496501,"15, Neela Chowk, Jodhpur - 102103"
Bryanna,Trotta,hedwig@comcast.net,2,BE Textile,8017399850,"76, Mitesh Villas, CharuGarh Srinagar - 514852"
Brodie,Prouvaire,dkasak@comcast.net,1,ME Elect,7015644340,"30, JyotiGarh, Agra - 453640"
Nola,Biko,kiddailey@hotmail.com,7,B.Tech Prod,7180268622,"36, AlpaGarh, Ratlam - 289361"
Broderick,Blondy,treit@mac.com,6,BE Textile,7434800144,"58, Koushtubh Society, Marathahalli Pondicherry - 411368"
Noe,Twofeathers,baveja@verizon.net,4,ME Elect,8435632587,"49, Cyber City, Delhi - 443459"
Brody,Shangri,empathy@outlook.com,1,ME Elect,9232480239,"58, Heer Villas, MehulGarh Meerut - 501392"
Rosemary,Stilles,storerm@gmail.com,2,B.E.EXTC,8516644100,"86, Madhavi Apartments, Model Town Indore - 524294"
Reagan,Mosbey,ingolfke@icloud.com,9,BSc IT,7718678618,"94, Nitin Society, Sushmita Nagar Vishakhapattanam - 131010"
Marques,Knightwalker,sthomas@yahoo.ca,7,BE Civil,9072162870,"22, Aruna Society, Virar Thiruvananthapuram - 585774"
Camden,Tsuande,codex@me.com,5,M.E. Comps,8409209348,"29, UmaGarh, Delhi - 403649"
Karley,Borther,dieman@mac.com,2,B.Tech Prod,9771973685,"86, Pooja Apartments, Vikhroli Chennai - 476233"
Derick,Roisin,drolsky@icloud.com,1,BE Textile,9700900356,"47, NupoorGarh, Kanpur - 550963"
Kyle,Courtis,mfburgo@live.com,9,ME Elect,8087229571,"90, Radhika Heights, Marathahalli Indore - 244356"
Macy,Renge,qrczak@yahoo.ca,10,MCA,8790234933,"24, KanikaPur, Udaipur - 139058"
Aron,Fick,spadkins@optonline.net,4,M.Tech Mech,9095755132,"23, Upasana Apartments, Mohanlal Chowk Gangtok - 417446"
June,Tymes,miltchev@att.net,8,B.E.EXTC,7260581951,"66, Himanshu Apartments, GulzarGarh Faridabad - 422436"
Raul,Dumonde,jdhedden@aol.com,9,BSc IT,8737562300,"84, Raghavan Heights, Mukti Chowk Gandhinagar - 174072"
Mikaela,Spindel,sriha@live.com,5,BE Civil,9184380212,"13, Sohail Chowk, Chennai - 232448"
Tucker,Kisaki,isotopian@yahoo.ca,7,M.E. Comps,7210839721,"95, Hanuman Apartments, Borivali Ahmedabad - 226969"
Kristin,Guevenne,jipsen@att.net,1,B.Tech Prod,8703465486,"61, Brock Apartments, Goregaon Nashik - 232595"
Teagan,Lenn,anicolao@verizon.net,0,BE Textile,8410267388,"81, Namita Society, EmranGunj Kanpur - 116603"
Kale,Boytano,tbusch@outlook.com,10,ME Elect,9907875761,"31, Himanshu Heights, RatanPur Gandhinagar - 302786"
Jadon,Lemmy,petersen@gmail.com,6,ME Elect,8592295637,"93, MiniGarh, Patna - 113177"
Chaya,Rear,bjoern@mac.com,4,BE Textile,9276392313,"52, Yerwada, Chennai - 103441"
Skylar,Asner,frederic@att.net,0,ME Elect,7531824292,"62, Neela Society, KimGarh Noida - 359126"
Natalie,Westford,luvirini@msn.com,2,M.E. Comps,8369123263,"85, Bahadur Villas, Hadapsar Kochi - 436571"
Payten,Secerts,kildjean@outlook.com,7,B.Tech Prod,8901062574,"26, Kharadi, Gandhinagar - 187976"
Jaidyn,Assante,fwiles@outlook.com,6,BE Textile,8336039024,"68, Baber Chowk, Kanpur - 501488"
Carlo,Welford,ranasta@icloud.com,8,ME Elect,8271823066,"13, Savita Heights, Mansarovar Vadodara - 470281"
Amare,Vischer,tarreau@yahoo.com,8,BE Civil,8142576184,"35, Andheri, Chennai - 484316"
Bridger,Bloomingdale,jugalator@mac.com,3,M.E. Comps,9444407438,"83, Sunita Apartments, Kunti Nagar Lucknow - 300243"
Jaylyn,Jeri,naoya@verizon.net,4,B.Tech Prod,8352825075,"40, Mustafa Villas, Dadar Patna - 412534"
Lennon,Pomodoro,inico@sbcglobal.net,5,BE Textile,7216984701,"48, Emran Villas, Goregaon Bikaner - 555638"
Kianna,Ironarm,hauma@att.net,4,ME Elect,9288332345,"99, Malad, Trichy - 112205"
Dax,Blueman,wojciech@optonline.net,1,B.Tech IT,9978235008,"17, SameeraGunj, Jaipur - 488546"
Yamilet,Karmen,jdhildeb@verizon.net,3,MCA,9017613057,"72, Habib Society, Mansarovar Bhubhaneshwar - 355342"
Myah,Courtis,specprog@mac.com,1,M.Tech Mech,9393681135,"22, Mustafa Society, Chinchwad Jammu - 159862"
Hailee,Crippen,jyoliver@gmail.com,5,B.E.EXTC,9576889311,"82, Naina Society, DivyaGarh Jodhpur - 407471"
Terrance,Slushie,caidaperl@msn.com,2,BSc IT,9678520612,"13, Rahim Apartments, RaghavanGunj Lucknow - 330945"
Gregory,Quintos,bmidd@live.com,6,BE Civil,7995225363,"36, Manpreet Heights, Chandpole Chennai - 261217"
Irvin,Hugdens,jbearp@yahoo.com,3,M.E. Comps,8018199829,"69, SnehaPur, Trichy - 295301"
Molly,Fantana,pavel@msn.com,1,B.Tech Prod,9236289261,"79, Kharadi, Bhopal - 546844"
Abby,Zamora,smeier@me.com,6,BE Textile,9181337903,"34, Niyati Chowk, Rajkot - 340271"
Cordell,Sellers,evans@sbcglobal.net,0,ME Elect,8075395240,"27, Bandra, Ludhiana - 342709"
Gwendolyn,Prince,tbmaddux@icloud.com,5,M.Tech Mech,7308999612,"24, Qabeel Society, Arun Nagar Surat - 226023"
Alvaro,Figueroa,fraser@msn.com,6,B.E.EXTC,8662136304,"78, Dadar, Hyderabad - 501742"
