 Joaquin,Ilbert,tromey@verizon.net,9,B.Tech Prod,8333599771,30,"75, Ujwal Society, Devika Chowk Nashik - 447426",Ranchi
Ava,Kakeru,darin@msn.com,2,BE Textile,8850629570,29,"91, Deccan Gymkhana, Jamnagar - 294322",Pune
Gerardo,Bakunin,gordonjcp@outlook.com,8,ME Elect,7409026835,25,"53, Goregaon, Kolkata - 117727",Delhi
Isaac,Cordel,akoblin@sbcglobal.net,6,BSc IT,9133279776,27,"48, Yeshwanthpura, Ludhiana - 124216",Jodhpur
Karlie,Caspers,markjugg@msn.com,7,BE Civil,8515206046,40,"56, Borivali, Indore - 112130",Dehra Dun
Hector,Mandie,vganesh@sbcglobal.net,1,M.E. Comps,9423097426,35,"29, Kushal Heights, Kharadi Ratlam - 581227",Banglore
Landyn,Pisano,mahbub@outlook.com,9,B.Tech Prod,7430249677,41,"33, Chinchwad, Ahmedabad - 303038",Chennai
Payton,Iasus,fallorn@outlook.com,4,BE Textile,9730041362,42,"96, Nirmal Society, ChhaviGunj Bikaner - 453869",Kolkata
Avery,Chastel,hahiss@msn.com,10,ME Elect,7465225668,29,"26, Deccan Gymkhana, Raipur - 559447",Banglore
Kody,Casandra,chaffar@comcast.net,10,MCA,7862787542,36,"73, Virar, Agra - 393955",Chennai
Jaeden,Patter,rtanter@icloud.com,8,M.Tech Mech,7196738668,45,"10, Runjhun Apartments, AnushaGunj Noida - 478453",Kolkata
Jessie,Merino,tbmaddux@msn.com,9,B.E.EXTC,8003708635,44,"31, Qabool Heights, VikrantPur Surat - 318048",Delhi
Hanna,Delveccio,jgoerzen@yahoo.com,8,BSc IT,7506492095,23,"96, Leela Villas, Hinjewadi Kochi - 333329",Jodhpur
Evan,Berber,ralamosm@outlook.com,9,BE Civil,7077061737,27,"11, Malad, Bhopal - 575341",Dehra Dun
Miracle,Akihito,lstein@mac.com,0,M.E. Comps,8010509477,32,"99, Mitesh Apartments, Yeshwanthpura Bikaner - 259448",Banglore
Ezekiel,Pavonis,aardo@yahoo.ca,8,B.Tech Prod,7698409242,25,"70, AjeetPur, Pune - 500723",Chennai
Emery,Viviane,wortmanj@msn.com,3,BE Textile,7764767315,41,"26, Borivali, Delhi - 265014",Kolkata
Courtney,Saladin,samavati@me.com,3,ME Elect,8994453383,40,"20, Chandpole, Kochi - 185334",Mumbai
Rosa,Enke,gommix@outlook.com,0,MCA,9873838808,34,"56, Hemendra Heights, ChinmayPur Guwahati - 323170",Pune
Estrella,Palomo,jrkorson@yahoo.com,2,M.Tech Mech,9892769883,33,"39, SatishGunj, Lucknow - 157973",Delhi
Zaria,Leavey,mobileip@aol.com,5,B.E.EXTC,9945492866,43,"70, Prerna Heights, AishaPur Chandigarh - 209310",Jodhpur
Camron,Vana,froodian@hotmail.com,10,BSc IT,8173430216,35,"89, Ganesh Villas, Mansarovar Kota - 450228",Dehra Dun
Carlee,Zelos,pedwards@verizon.net,5,BE Civil,7280605065,25,"37, Kalyan Apartments, Andheri Warangal - 250574",Banglore
Wesley,Roseman,scottzed@hotmail.com,2,M.E. Comps,7250557647,32,"94, Tanay Heights, KaminiGarh Rajkot - 134363",Chennai
Krystal,Badham,vertigo@att.net,10,B.Tech Prod,9925460419,30,"17, Churchgate, Thiruvananthapuram - 552882",Kolkata
Teagan,Mckinney,dowdy@sbcglobal.net,8,BE Textile,7804999339,30,"86, Ekbal Heights, Hadapsar Thiruvananthapuram - 360170",Kolkata
Gisselle,Freeh,tellis@icloud.com,8,ME Elect,7676209919,40,"59, Fakaruddin Heights, Mansarovar Kota - 181864",Delhi
Reginald,Sharples,lamprecht@icloud.com,5,B.E.EXTC,8888535766,33,"22, Labeen Society, Kormangala Jammu - 327441",Jodhpur
Maddison,Aric,chrisk@sbcglobal.net,4,BSc IT,8067513245,39,"14, Chinchwad, New Delhi - 410590",Dehra Dun
Madeline,Sanna,quantaman@sbcglobal.net,9,BE Civil,8670301172,35,"38, Andheri, Chandigarh - 356323",Banglore
Fabian,Dalek,scarlet@outlook.com,1,M.E. Comps,9486283812,36,"37, Arjun Society, Yeshwanthpura Udaipur - 521232",Chennai
Jayvon,Nimnul,liedra@me.com,10,B.Tech Prod,9677308332,28,"67, Hinjewadi, Mysore - 194811",Kolkata
Zoey,Felps,mrobshaw@mac.com,4,BE Textile,7480572162,29,"58, FakaruddinGarh, Faridabad - 352827",Chennai
Kenneth,Taniyama,padme@verizon.net,10,ME Elect,9089976721,27,"59, Yeshwanthpura, Ajmer - 207726",Kolkata
Tyrese,Creber,emmanuel@verizon.net,10,BE Textile,7105441842,43,"90, Nitika Villas, YasminGarh Kolkata - 137496",Chennai
Silas,Dimande,kodeman@icloud.com,5,ME Elect,7038266382,39,"82, Zara Society, Tanuja Chowk Jodhpur - 169199",Kolkata
Judith,Darcie,msloan@optonline.net,3,B.Tech Prod,8245083238,29,"32, Mitesh Apartments, Yeshwanthpura Ratlam - 419573",Ranchi
Karen,Withey,chronos@icloud.com,0,BE Textile,7221251994,40,"88, Hadapsar, Surat - 151101",Pune
Elsie,Miramoto,portele@comcast.net,3,ME Elect,7424457551,23,"91, Hanuman Heights, Cyber City Gurgaon - 337834",Delhi
Evangeline,Majere,noticias@yahoo.com,0,BSc IT,7830882990,37,"13, Model Town, Hisar - 176543",Jodhpur
Solomon,Nereus,durist@me.com,7,BE Civil,8912340937,39,"50, Gauransh Heights, MridulaPur Trichy - 327669",Dehra Dun
Athena,Lokisdottir,leviathan@outlook.com,1,M.E. Comps,7230095510,27,"45, Churchgate, Faridabad - 552772",Banglore
Sariah,Voerman,redingtn@optonline.net,10,B.Tech Prod,8378518846,30,"17, Kalpit Villas, Kormangala Kochi - 568739",Chennai
Charles,Valentia,mstrout@verizon.net,3,BE Textile,8991752829,23,"98, Qabool Villas, Aundh Ahmedabad - 417905",Kolkata
Laila,Skerritt,floxy@sbcglobal.net,2,ME Elect,7198152417,42,"53, Aabha Villas, Satishwar Nagar Chennai - 437632",Delhi
Rory,Cybil,jaffe@att.net,1,M.Tech Mech,7366305679,41,"48, Raghavan Heights, AnjanaGarh Surat - 522892",Jodhpur
Terry,Camerons,scato@comcast.net,2,B.E.EXTC,9317551131,24,"20, RakhiGarh, Jamnagar - 288160",Dehra Dun
Valentin,Hasselbeck,treeves@mac.com,7,BSc IT,7429796052,40,"40, Nawab,  Society, Pushpa Nagar Agra - 502691",Banglore
Tyshawn,Renk,skajan@icloud.com,0,BE Civil,9735960440,31,"91, AayushmanGunj, Pondicherry - 267714",Chennai
Anabelle,Gries,dalamb@aol.com,3,M.E. Comps,9369336613,24,"56, Monin Villas, Cyber City Kochi - 555248",Kolkata
